,n,mean_delta,median_delta,std_delta,cohen_dz,reference_better_rate,mean_delta_ci_low,mean_delta_ci_high,paired_t_p,wilcoxon_p
mean_abs_error_cm,105.0,-1.2190728571428573,-0.09200000000000008,5.3142341650886635,-0.229397655291789,0.5714285714285714,-2.290360071428572,-0.2860613452380954,0.020627951963811897,0.04029095325826833
mean_ape_pct,105.0,-8.652780752412195,-1.3925407925407955,33.17279577233908,-0.260839659454548,0.580952380952381,-15.247842347481503,-2.6492825798390705,0.008734668296329733,0.016145956809255357
