metric,pose_a,pose_b,n_a,n_b,mean_a,mean_b,mean_difference_a_minus_b,welch_t_p,mann_whitney_p,mann_whitney_q
mean_of_length_width,rotated,tilted,36,34,5.438902629271273,-14.425518753987655,19.86442138325893,0.0004174217487076352,3.983831425048483e-06,8.963620706359087e-06
mean_of_length_width,rotated,topdown,36,35,5.438902629271273,6.890869694843736,-1.4519670655724628,0.6169549038133585,0.912995970404368,0.9129959704043679
mean_of_length_width,tilted,topdown,34,35,-14.425518753987655,6.890869694843736,-21.31638844883139,0.00016423909853278425,3.9324093694792235e-06,8.963620706359087e-06
length,rotated,tilted,36,34,4.690815119562806,-12.687542352669276,17.378357472232082,0.007473372146231286,0.0004520995581601548,0.0006781493372402321
length,rotated,topdown,36,35,4.690815119562806,7.532584113308771,-2.8417689937459656,0.42276813170177563,0.751789953826423,0.8457636980547258
length,tilted,topdown,34,35,-12.687542352669276,7.532584113308771,-20.220126465978048,0.0016421120260417682,6.926518644651846e-05,0.00012467733560373324
width,rotated,tilted,36,34,6.186990138979741,-16.163495155306038,22.35048529428578,2.1908453227939148e-05,9.254789898335921e-08,8.329310908502328e-07
width,rotated,topdown,36,35,6.186990138979741,6.2491552763786995,-0.06216513739895824,0.981131584557371,0.6249829186439195,0.8035494668278965
width,tilted,topdown,34,35,-16.163495155306038,6.2491552763786995,-22.41265043168474,2.3307074181276745e-05,4.213324558725995e-07,1.8959960514266978e-06
